{
  "rank": 0,
  "world_size": 2,
  "op": "elemul",
  "repeat": 5,
  "times_s": [
    0.0017797479999899224,
    0.001747781000062787,
    0.001939884000080383,
    0.001681160999964959,
    0.001923132000001715
  ],
  "median_s": 0.0017797479999899224,
  "plain_times_s": [
    0.00014934799992261105,
    7.809399994584965e-05,
    5.140799999026058e-05,
    4.892000004019792e-05,
    4.764300001625088e-05
  ],
  "plain_median_s": 5.140799999026058e-05,
  "sum_last": 8.171844482421875,
  "plain_sum_last": 8.171964645385742,
  "rendezvous": "tcp://crypten-r0:29500",
  "backend": "gloo",
  "security_profile": {
    "mode": "crypten_2pc",
    "notes": [
      "Synthetic operator benchmark."
    ]
  }
}